train_upto,test_month,days,AUC,AP,Sharpe,MDD,CAGR_est
2014-01-31,2014-02,19,0.40265136525524337,0.2632316073276466,10.914177842233915,-0.0038624413874563525,0.7978755935898396
2014-02-28,2014-03,21,0.5241334629089731,0.3483904245424977,-1.5852938634296714,-0.036587863403781194,-0.12434723377295598
2014-03-31,2014-04,21,0.5296404275996112,0.3432405755678505,1.3452705903142506,-0.037266729499127384,0.2143509921992266
2014-04-30,2014-05,21,0.46949573480185725,0.30159662728240866,4.770256150407489,-0.008591377249339139,0.3993211055436776
2014-05-30,2014-06,21,0.5952920850880035,0.4233199957949535,4.949513938698348,-0.015968023075164855,0.33632512335929876
2014-06-30,2014-07,22,0.5336481700118064,0.32903721868347124,-0.20625760291978978,-0.008039435581639819,-0.009730659883252724
2014-07-31,2014-08,21,0.413778209696577,0.2515780267461072,6.147314565199277,-0.005653622419742234,0.28137889328631793
2014-08-29,2014-09,21,0.504481157542382,0.2856552695524506,-4.651050729485626,-0.03285474098612807,-0.2791615218075756
2014-09-30,2014-10,23,0.5889819065622468,0.4339988628877762,-1.505570800847125,-0.0449887639640705,-0.18147451635148726
2014-10-31,2014-11,19,0.6009761245218309,0.41402319818933353,10.745955825117186,-0.004024543028678157,0.5368556930073072
2014-11-28,2014-12,22,0.5486029122392758,0.4090423374767839,0.4313163758149076,-0.04176966461958531,0.0424566103110704
2014-12-31,2015-01,20,0.5639285714285714,0.3431906836372365,1.9948296062104232,-0.01804074572621491,0.24367491265007657
2015-01-30,2015-02,19,0.5561271600052763,0.3549294271519192,7.671171283901861,-0.006031879748416019,1.2542055842251738
2015-02-27,2015-03,22,0.5601141282959464,0.32619927801663323,-2.050165073333316,-0.021610689398134608,-0.13876960966605112
2015-03-31,2015-04,21,0.5456214231724436,0.33554247190974806,1.4826535797549196,-0.011092381641481974,0.11170805403308992
2015-04-30,2015-05,20,0.6775,0.4513194079608285,4.713954476336846,-0.009598906970094816,0.4253670227496049
2015-05-29,2015-06,22,0.6043880362062181,0.3422549098061618,-0.6726226013059388,-0.02221088046901436,-0.04483919398837144
2015-06-30,2015-07,22,0.47619047619047616,0.3069855041473772,-1.7205301530808534,-0.030455082569551338,-0.16084837690419418
2015-07-31,2015-08,21,0.6768167584494116,0.5560568942723861,0.4324249213833833,-0.05044106398508467,0.07133812677477014
2015-08-31,2015-09,21,0.5644098909405032,0.37310336476422745,2.1056566069656033,-0.03298275109610522,0.2682831813590991
2015-09-30,2015-10,22,0.5053128689492326,0.2931766994680611,2.649405190522928,-0.013757524051316437,0.24526481579411508
2015-10-30,2015-11,20,0.7186904761904761,0.5266777647933896,2.5341034648045393,-0.028232105204598536,0.3319436180122102
2015-11-30,2015-12,22,0.5207595434868162,0.3028061225388075,0.9935190969143888,-0.014371435502854382,0.08662704694936307
2015-12-31,2016-01,19,0.5292177812953436,0.3112264588094774,-5.527460581754721,-0.0675772101213018,-0.5310828546691547
2016-01-29,2016-02,20,0.6829761904761905,0.49439037464998675,-0.04158686044741005,-0.05675896668787084,-0.006894486524039234
2016-02-29,2016-03,22,0.5488980716253444,0.32295908236924353,11.334809308457505,-0.0028266551343751937,0.888391705430104
2016-03-31,2016-04,21,0.4218766871828096,0.2789631525256359,-3.4116834514048318,-0.03933162674352232,-0.22719080097965905
2016-04-29,2016-05,21,0.48655652737285393,0.29022129041063394,3.8049992236950643,-0.019703204772936966,0.372758555128919
2016-05-31,2016-06,22,0.5939590712317985,0.3663558795515529,2.2863407357449286,-0.02709108326903212,0.2438517927535464
2016-06-30,2016-07,20,0.569047619047619,0.3764139760378214,10.413230919927711,-0.009021271224696977,1.1189570508869946
2016-07-29,2016-08,23,0.6099558916194077,0.4329891018681643,1.666415687885874,-0.010670375021163987,0.12239696653439136
2016-08-31,2016-09,21,0.6051182377712989,0.407928643490306,0.19573233622709763,-0.032121444590072344,0.01762771508579064
2016-09-30,2016-10,21,0.5312601230968578,0.3010721680346484,0.7442594312779851,-0.012378183324902366,0.048884980270477385
2016-10-31,2016-11,21,0.6705539358600583,0.4318132164015502,4.00780358577325,-0.021977258048835775,0.9402756218662398
2016-11-30,2016-12,21,0.5862217903034228,0.43786547296493045,7.60492697204739,-0.009297685677814754,0.8379445594352213
2016-12-30,2017-01,20,0.6598809523809523,0.463325608052236,5.2163414539501325,-0.011406944453023824,0.5375836562963994
2017-01-31,2017-02,19,0.5143120960295475,0.3694859488071449,-0.011198322700230969,-0.01784181519897825,-0.001121384075494003
2017-02-28,2017-03,23,0.40507696462327836,0.25514231058356374,2.2167446848465078,-0.013732770308770736,0.11158074710869226
2017-03-31,2017-04,19,0.3949347051840127,0.3172282324238484,-1.2684922357941533,-0.0223897222362216,-0.08301211954519905
2017-04-28,2017-05,22,0.508461235733963,0.3730603842016297,2.645650912688874,-0.020269031217981754,0.3977597355178426
2017-05-31,2017-06,22,0.5816607634789454,0.3761112403856121,1.2138553078615797,-0.03649115563775909,0.18408452492882743
2017-06-30,2017-07,20,0.594047619047619,0.40138377646213497,4.489964926316939,-0.0223923504886176,0.5194482412144636
2017-07-31,2017-08,23,0.615987037537132,0.3935169602022689,2.148019996475302,-0.018477815014120328,0.23001411043034325
2017-08-31,2017-09,20,0.5810714285714286,0.40772624021442105,-1.379119434021613,-0.018870418922198026,-0.09913656168261276
2017-09-29,2017-10,22,0.6133412042502951,0.39726496140754486,5.951853681353574,-0.010543129938566658,0.4024369102200662
2017-10-31,2017-11,21,0.5846020948061764,0.3549260151559045,1.0656055271875289,-0.01645144598997099,0.09050863810209742
2017-11-30,2017-12,20,0.6633333333333334,0.4596348442418553,1.0648620871677192,-0.016965298542798147,0.08636849126362289
2017-12-29,2018-01,21,0.5400064787819889,0.35695292407881785,5.640862126020305,-0.014550053213955904,0.6559787458133892
2018-01-31,2018-02,19,0.5269753330695159,0.30479707433775394,0.5060219551849336,-0.03369868557987321,0.08856345269424404
2018-02-28,2018-03,21,0.4429327286470143,0.2598878177760788,-3.3229112535095617,-0.051425277195701814,-0.2947004846715122
2018-03-29,2018-04,21,0.6210992333441314,0.40333748981376216,4.05016546692523,-0.02743246549524547,0.7028714317777467
2018-04-30,2018-05,22,0.6478748524203071,0.4320240952251042,6.8924357877791556,-0.007061816660432738,0.730392545107909
2018-05-31,2018-06,21,0.32415505884893636,0.22028481417597992,-2.1415794729687705,-0.031447757595877264,-0.14983834664237727
2018-06-29,2018-07,21,0.6195875175467012,0.40897259883613796,7.09658921810358,-0.005881680675045575,0.8041861890892008
2018-07-31,2018-08,23,0.46214780808353584,0.27172759732067897,1.6754433269255338,-0.033994738666589565,0.16278334821047014
2018-08-31,2018-09,19,0.6731301939058171,0.47453688783851633,0.5575799379910942,-0.01824589031866508,0.06877709097781826
2018-09-28,2018-10,23,0.49392384553065083,0.386760891175842,-2.902703017624942,-0.07846253129762415,-0.42443224583348027
2018-10-31,2018-11,21,0.6395637620127417,0.44657871685437955,-0.7459640725096717,-0.05874994833926393,-0.12821936671557166
2018-11-30,2018-12,19,0.583432264872708,0.407981867360807,-1.6580551738348124,-0.06534910131092342,-0.27759955863424723
2018-12-31,2019-01,21,0.5918367346938775,0.40516427987739,4.168401062292048,-0.023915447428595703,1.4030526320530026
2019-01-31,2019-02,19,0.5553357076902783,0.391817475125561,1.5163587977625674,-0.00946538964608286,0.08782978385203832
2019-02-28,2019-03,21,0.6381600259151279,0.44418151522495336,4.388262540790947,-0.013032376083070197,0.4237514659674604
2019-03-29,2019-04,21,0.48212935968038007,0.318914018664413,0.06395596304957074,-0.01576021496290215,0.005294112496984527
2019-04-30,2019-05,22,0.5537190082644627,0.37744574723120927,-4.640994032718898,-0.057399406579331076,-0.40880576005133973
2019-05-31,2019-06,20,0.5153571428571428,0.35467995414209524,9.018595367166366,-0.006728568919316952,1.3381146577108307
2019-06-28,2019-07,22,0.5221369539551357,0.29498908168592713,4.325928997432011,-0.010540986953721129,0.38541915330851917
2019-07-31,2019-08,22,0.4231601731601732,0.2834003606276463,0.7088365559383286,-0.023944952122252013,0.12341682573393098
2019-08-30,2019-09,20,0.5691666666666666,0.3768673509821566,3.196255508930386,-0.017606511013750784,0.3089229129471136
2019-09-30,2019-10,23,0.5263300027005131,0.30799423788179014,4.559025436350039,-0.01054450459701972,0.4560664008483928
2019-10-31,2019-11,20,0.5460714285714287,0.3313645671407191,3.950895900107395,-0.013030347454121674,0.27351200243739493
2019-11-29,2019-12,21,0.6357844725191664,0.38159095522794667,11.220010269615981,-0.004878360761433939,0.712808502850033
2019-12-31,2020-01,21,0.5524241442608789,0.3289212299597256,4.677060003483424,-0.011928932898381824,0.430396542171553
2020-01-31,2020-02,19,0.6327661258409181,0.4635463600836689,-2.411673133367784,-0.07266465003197752,-0.3657493060529837
2020-02-28,2020-03,22,0.5069854388036206,0.341296541310597,-0.6122210751185823,-0.13386069518926072,-0.2324787205386859
2020-03-31,2020-04,21,0.40470791491199654,0.283304104244807,5.803314009622911,-0.023822956696979286,2.114931804087995
2020-04-30,2020-05,20,0.4747619047619048,0.28661964919845334,3.9954981962260487,-0.022461913452959437,0.5519306403581246
2020-05-29,2020-06,22,0.5631641086186541,0.35348477740467366,3.4034975774144853,-0.020616354860953468,0.5821017361081335
2020-06-30,2020-07,22,0.5782172373081464,0.3662838791322358,4.371385632163347,-0.01911328331674362,0.7449947269072288
2020-07-31,2020-08,21,0.5652737285390346,0.3618003128519611,6.9929280447471935,-0.021879613446182358,1.6830673806094687
2020-08-31,2020-09,21,0.4115106360004319,0.2741700946287952,-1.4260587715973165,-0.06645230561058665,-0.2556736629259403
2020-09-30,2020-10,22,0.5006887052341598,0.30067998636696847,-0.8292379976491229,-0.02705067235292495,-0.0986379574160825
2020-10-30,2020-11,20,0.3972619047619048,0.24781740443310357,7.267443234946723,-0.021280142688256006,1.3112460198816787
2020-11-30,2020-12,22,0.40092483274301455,0.2644853192666975,-1.8167113292781176,-0.01738586244070594,-0.10639599578727033
2020-12-31,2021-01,19,0.47698192850547416,0.28659036467588483,3.3700198363292295,-0.01982362064558052,0.4382717618720695
2021-01-29,2021-02,19,0.5040232159345732,0.36684014780071017,-2.211716651758616,-0.03165851556299759,-0.2099188091669365
2021-02-26,2021-03,23,0.5223692501575299,0.3437976671957227,1.4656766211954253,-0.03983685513275548,0.3102435682459017
2021-03-31,2021-04,21,0.44358060684591294,0.2711445672365517,-0.3818929521197938,-0.025501617543965297,-0.03881438552901917
2021-04-30,2021-05,20,0.5221428571428572,0.38573972686344266,-0.5572994086411688,-0.030176079135059264,-0.05186643861120532
2021-05-28,2021-06,22,0.5556867375049194,0.3242939504094098,3.6520158694523883,-0.005694114788445293,0.29249629677213074
2021-06-30,2021-07,21,0.6714177734585897,0.47334362123490953,2.735658549835318,-0.024447681689792132,0.2660044600927649
2021-07-30,2021-08,22,0.5458480913026368,0.3618096138811968,5.214623723162942,-0.017262332333980272,0.5888211620008998
2021-08-31,2021-09,21,0.5242414426087896,0.3202576010773629,-5.2755875333170525,-0.04899369153029123,-0.36849528009291754
2021-09-30,2021-10,21,0.47014361300075586,0.2924985446685843,8.467551919115635,-0.00639327548696323,0.6289661661878765
2021-10-29,2021-11,21,0.6615916207752943,0.4343483806602468,1.312064746137996,-0.02679065374146099,0.19045786784069563
2021-11-30,2021-12,22,0.5103305785123966,0.3042234542839921,1.6457393787540893,-0.02125366959186212,0.25133329381840985
2021-12-31,2022-01,20,0.523452380952381,0.33778632070132236,-4.276902293623306,-0.08548258218978544,-0.5113681835264172
2022-01-31,2022-02,19,0.3648595172140879,0.23496089507532927,-0.7757928603481975,-0.059969002604211986,-0.13191559876444592
2022-02-28,2022-03,23,0.5063462057790981,0.3419540173833149,2.951719624055789,-0.03828247802872372,0.663613985536053
2022-03-31,2022-04,20,0.37773809523809526,0.2669041967967688,-6.361733162182691,-0.10243672962994102,-0.6984757916241272
2022-04-29,2022-05,21,0.48428895367670877,0.3144732876033517,-0.49063292736492986,-0.06326762035297925,-0.11195371346658345
2022-05-31,2022-06,21,0.4532987798293921,0.25874135899309036,-3.8987411921032873,-0.0836812999286615,-0.5740702253913932
2022-06-30,2022-07,20,0.6314285714285715,0.4295680667139312,4.966594840354419,-0.030111159068095056,1.1008379452849635
2022-07-29,2022-08,23,0.4908632640201638,0.2792566272157329,-3.614136094539184,-0.06808964094898265,-0.418415550164725
2022-08-31,2022-09,21,0.4548104956268221,0.28427690336078915,-4.026519225723491,-0.07121840908018162,-0.4559561984899496
2022-09-30,2022-10,21,0.5574991901522514,0.3830355506949259,-1.5360288320687707,-0.05965072595705991,-0.27487772691198653
2022-10-31,2022-11,21,0.4557823129251701,0.2736502840170961,2.240662012801317,-0.02601956030604663,0.650777448155041
2022-11-30,2022-12,21,0.5528560630601447,0.3264930828612824,-7.198148603076293,-0.09081820237495675,-0.6367392041957073
2022-12-30,2023-01,20,0.5147619047619049,0.3985518648418168,7.734365081525614,-0.011831519965607221,1.6859084103992803
2023-01-31,2023-02,19,0.5281625115420129,0.4234741438341597,0.1518135295676721,-0.03737955623743708,0.02705146970877692
2023-02-28,2023-03,23,0.5585561256638761,0.39230973896271715,7.216796314036601,-0.01054127046425608,1.0593162568278225
2023-03-31,2023-04,19,0.5913467880226884,0.46081127865736493,1.714169942355393,-0.014544932260499771,0.1753199579451703
2023-04-28,2023-05,22,0.5663124754033845,0.3373921202394756,5.364121039507269,-0.012422076937752085,1.0118630143906895
2023-05-31,2023-06,21,0.5424900118777669,0.32377815935973014,3.713492980532948,-0.02180969079595154,0.46082424099677377
2023-06-30,2023-07,20,0.5997619047619047,0.35392854700016974,3.046486821372483,-0.015409703783333506,0.3075895338586141
2023-07-31,2023-08,23,0.569628229363579,0.35397387036285216,-0.8009808132099158,-0.038613746142097116,-0.08686430530630862
2023-08-31,2023-09,20,0.4197619047619047,0.25046296549445557,-2.3435966558949595,-0.0298310331196061,-0.1742039689341407
2023-09-29,2023-10,22,0.505608028335301,0.3426345369339629,-2.7199226063290434,-0.04713612456921015,-0.25046145412546483
2023-10-31,2023-11,21,0.5370910268869452,0.3550623662221324,8.681600840182107,-0.0038508477530199703,0.801664280480652
2023-11-30,2023-12,20,0.4433333333333333,0.26315240318619615,5.587189175606807,-0.006275582034698357,0.4692093459859059
2023-12-29,2024-01,21,0.6124608573588166,0.39914758576482356,3.733440588869641,-0.016477055268731517,0.3511539100488221
2024-01-31,2024-02,20,0.6359523809523809,0.3983360280339114,3.6269591368778658,-0.013890772874202923,0.6885539572771753
2024-02-29,2024-03,20,0.6039285714285715,0.37397138251019557,-0.2750982918796449,-0.027617894981555823,-0.028034165651257048
2024-03-28,2024-04,22,0.532172373081464,0.32858031548850114,-2.8582747702100275,-0.05943625501114691,-0.30728983236187424
2024-04-30,2024-05,22,0.4771743408107045,0.3127123530588545,5.702391231874126,-0.007967739869789162,0.5020345869132545
2024-05-31,2024-06,19,0.5715604801477377,0.3733945819206821,2.9705845014192045,-0.015734853401138758,0.32827487118498677
2024-06-28,2024-07,22,0.501672569854388,0.3092499797629259,0.6762214335082052,-0.058189034152936935,0.12183042800474975
2024-07-31,2024-08,22,0.5924832743014561,0.3770014650426772,3.1593560730221033,-0.02173379425000055,0.47786320284501826
2024-08-30,2024-09,20,0.5085714285714287,0.29131659003025917,1.9899078613347918,-0.02589281905522899,0.28756276641012124
2024-09-30,2024-10,23,0.5138176253488163,0.3249283225480868,-1.5344687948758462,-0.04462856999306389,-0.162238757251858
2024-10-31,2024-11,20,0.6003571428571428,0.38400728709399773,4.6666824660254145,-0.027311411347326717,0.7637474698303
2024-11-29,2024-12,21,0.6342727567217363,0.4308831785809222,4.172786618179805,-0.019214038087592804,0.9029999258811809
2024-12-31,2025-01,20,0.45357142857142857,0.33570624076849387,0.3695396942720978,-0.02541567328801366,0.049875632849177176
2025-01-31,2025-02,19,0.5950402321593458,0.37758187723028763,-0.1515183037916787,-0.040413549495037074,-0.018064000418867132
2025-02-28,2025-03,21,0.540546377281071,0.38651100300707114,-2.068639372885663,-0.04147163382909794,-0.2663890649749121
2025-03-31,2025-04,21,0.5130115538278803,0.29643359127287516,0.34212690933716156,-0.059178982732319994,0.12326585420692204
2025-04-30,2025-05,21,0.6315732642263253,0.41418150276080545,5.4132064285703425,-0.010834892350275096,0.8018148673827525
2025-05-30,2025-06,20,0.5634523809523809,0.32128766785853463,1.9621698934754537,-0.016449122772238426,0.18723271262272267
2025-06-30,2025-07,22,0.7297323888232979,0.5614682194270729,7.5285554120050975,-0.009691854448133043,0.8406996181143866
2025-07-31,2025-08,21,0.3559010905949681,0.24287582552229253,1.2231902753339707,-0.02153518760156656,0.0992344538151324
2025-08-29,2025-09,21,0.3281503077421445,0.25034212496855374,5.719469491993429,-0.013108744036169108,0.5601073844243019
2025-09-30,2025-10,20,0.6007168458781361,0.33954940476935125,4.355132316751745,-0.019547569652173597,0.8379749634553164
