Date,Symbol,Close,proba
2025-05-02,AAPL,205.3500061035156,0.11922878
2025-05-05,AAPL,198.88999938964844,0.22859144
2025-05-06,AAPL,198.509994506836,0.26495042
2025-05-07,AAPL,196.25,0.37592128
2025-05-08,AAPL,197.4900054931641,0.20667252
2025-05-09,AAPL,198.52999877929688,0.206618
2025-05-12,AAPL,210.7899932861328,0.22551006
2025-05-13,AAPL,212.92999267578125,0.23872289
2025-05-14,AAPL,212.3300018310547,0.2708019
2025-05-15,AAPL,211.4499969482422,0.20673192
2025-05-16,AAPL,211.259994506836,0.22975378
2025-05-19,AAPL,208.77999877929688,0.195124
2025-05-20,AAPL,206.8600006103516,0.24835323
2025-05-21,AAPL,202.08999633789065,0.2632091
2025-05-22,AAPL,201.3600006103516,0.23245585
2025-05-23,AAPL,195.2700042724609,0.15481092
2025-05-27,AAPL,200.2100067138672,0.18783127
2025-05-28,AAPL,200.4199981689453,0.1966473
2025-05-29,AAPL,199.9499969482422,0.20068367
2025-05-30,AAPL,200.8500061035156,0.1989626
2025-06-02,AAPL,201.6999969482422,0.15768455
2025-06-03,AAPL,203.2700042724609,0.1800441
2025-06-04,AAPL,202.82000732421875,0.21130587
2025-06-05,AAPL,200.6300048828125,0.21712592
2025-06-06,AAPL,203.9199981689453,0.2626938
2025-06-09,AAPL,201.4499969482422,0.27060798
2025-06-10,AAPL,202.6699981689453,0.26811087
2025-06-11,AAPL,198.77999877929688,0.24160777
2025-06-12,AAPL,199.1999969482422,0.3322496
2025-06-13,AAPL,196.4499969482422,0.18623652
2025-06-16,AAPL,198.4199981689453,0.30167872
2025-06-17,AAPL,195.63999938964844,0.26556098
2025-06-18,AAPL,196.5800018310547,0.3029684
2025-06-20,AAPL,201.0,0.27879456
2025-06-23,AAPL,201.5,0.31808385
2025-06-24,AAPL,200.3000030517578,0.49173295
2025-06-25,AAPL,201.5599975585937,0.28001612
2025-06-26,AAPL,201.0,0.28603023
2025-06-27,AAPL,201.0800018310547,0.2700822
2025-06-30,AAPL,205.1699981689453,0.32270387
2025-07-01,AAPL,207.82000732421875,0.21207054
2025-07-02,AAPL,212.44000244140625,0.13632871
2025-07-03,AAPL,213.5500030517578,0.13557021
2025-07-07,AAPL,209.9499969482422,0.21058546
2025-07-08,AAPL,210.009994506836,0.19935644
2025-07-09,AAPL,211.13999938964844,0.15794854
2025-07-10,AAPL,212.41000366210932,0.13905825
2025-07-11,AAPL,211.16000366210932,0.15794954
2025-07-14,AAPL,208.6199951171875,0.20557068
2025-07-15,AAPL,209.1100006103516,0.22849931
2025-07-16,AAPL,210.16000366210932,0.22157796
2025-07-17,AAPL,210.0200042724609,0.25644967
2025-07-18,AAPL,211.17999267578125,0.26074994
2025-07-21,AAPL,212.47999572753903,0.23758744
2025-07-22,AAPL,214.3999938964844,0.19326504
2025-07-23,AAPL,214.1499938964844,0.16056721
2025-07-24,AAPL,213.759994506836,0.19622427
2025-07-25,AAPL,213.8800048828125,0.23100112
2025-07-28,AAPL,214.0500030517578,0.19956566
2025-07-29,AAPL,211.2700042724609,0.4356794
2025-07-30,AAPL,209.0500030517578,0.32742482
2025-07-31,AAPL,207.57000732421875,0.36937875
2025-08-01,AAPL,202.3800048828125,0.33425906
2025-08-04,AAPL,203.3500061035156,0.27475795
2025-08-05,AAPL,202.9199981689453,0.20625478
2025-08-06,AAPL,213.25,0.25975865
2025-08-07,AAPL,220.02999877929688,0.22555473
2025-08-08,AAPL,229.3500061035156,0.12977435
2025-08-11,AAPL,227.17999267578125,0.21387225
2025-08-12,AAPL,229.6499938964844,0.29791677
2025-08-13,AAPL,233.3300018310547,0.20877768
2025-08-14,AAPL,232.77999877929688,0.19326545
2025-08-15,AAPL,231.58999633789065,0.17053339
2025-08-18,AAPL,230.88999938964844,0.10999467
2025-08-19,AAPL,230.5599975585937,0.14979362
2025-08-20,AAPL,226.009994506836,0.19191346
2025-08-21,AAPL,224.8999938964844,0.1976611
2025-08-22,AAPL,227.759994506836,0.2245817
2025-08-25,AAPL,227.16000366210932,0.13491738
2025-08-26,AAPL,229.3099975585937,0.227094
2025-08-27,AAPL,230.4900054931641,0.19420333
2025-08-28,AAPL,232.5599975585937,0.21904238
2025-08-29,AAPL,232.13999938964844,0.3599643
2025-09-02,AAPL,229.72000122070312,0.32331312
2025-09-03,AAPL,238.47000122070312,0.25660473
2025-09-04,AAPL,239.77999877929688,0.16670156
2025-09-05,AAPL,239.69000244140625,0.18894364
2025-09-08,AAPL,237.8800048828125,0.17599517
2025-09-09,AAPL,234.3500061035156,0.27424002
2025-09-10,AAPL,226.7899932861328,0.30574164
2025-09-11,AAPL,230.02999877929688,0.30674866
2025-09-12,AAPL,234.07000732421875,0.31205854
2025-09-15,AAPL,236.6999969482422,0.23328105
2025-09-16,AAPL,238.1499938964844,0.17149356
2025-09-17,AAPL,238.9900054931641,0.28481838
2025-09-18,AAPL,237.8800048828125,0.24710716
2025-09-19,AAPL,245.5,0.31626353
2025-09-22,AAPL,256.0799865722656,0.16154173
2025-09-23,AAPL,254.42999267578125,0.36543867
2025-09-24,AAPL,252.3099975585937,0.25811288
2025-09-25,AAPL,256.8699951171875,0.34245762
2025-09-26,AAPL,255.4600067138672,0.36654288
2025-09-29,AAPL,254.42999267578125,0.32992822
2025-09-30,AAPL,254.6300048828125,0.36627802
2025-10-01,AAPL,255.4499969482422,0.36135808
2025-10-02,AAPL,257.1300048828125,0.37117714
2025-10-03,AAPL,258.0199890136719,0.39495862
2025-10-06,AAPL,256.69000244140625,0.44961298
2025-10-07,AAPL,256.4800109863281,0.29614326
2025-10-08,AAPL,258.0599975585937,0.41969916
2025-10-09,AAPL,254.0399932861328,0.2516581
2025-10-10,AAPL,245.2700042724609,0.24915138
2025-10-13,AAPL,247.66000366210932,0.29704764
2025-10-14,AAPL,247.7700042724609,0.31206164
2025-10-15,AAPL,249.33999633789065,0.34489065
2025-10-16,AAPL,247.4499969482422,0.39212602
2025-10-17,AAPL,252.2899932861328,0.46530056
2025-10-20,AAPL,262.239990234375,0.3274244
2025-10-21,AAPL,262.7699890136719,0.3405394
2025-10-22,AAPL,258.45001220703125,0.42354456
2025-10-23,AAPL,259.5799865722656,0.27830055
2025-10-24,AAPL,262.82000732421875,0.36713746
2025-10-27,AAPL,268.8099975585937,0.2617669
2025-10-28,AAPL,268.82000732421875,0.19985393
2025-05-02,AMD,98.8000030517578,0.21048395
2025-05-05,AMD,100.58999633789062,0.25066411
2025-05-06,AMD,98.62000274658205,0.27534422
2025-05-07,AMD,100.36000061035156,0.20947924
2025-05-08,AMD,101.6999969482422,0.27218595
2025-05-09,AMD,102.83999633789062,0.24980387
2025-05-12,AMD,108.12000274658205,0.27326205
2025-05-13,AMD,112.45999908447266,0.2671273
2025-05-14,AMD,117.72000122070312,0.16395904
2025-05-15,AMD,114.98999786376952,0.18952842
2025-05-16,AMD,117.16999816894533,0.15864111
2025-05-19,AMD,114.73999786376952,0.24192724
2025-05-20,AMD,113.51000213623048,0.23651399
2025-05-21,AMD,112.05999755859376,0.23455387
2025-05-22,AMD,110.70999908447266,0.20734794
2025-05-23,AMD,110.30999755859376,0.2558215
2025-05-27,AMD,114.55999755859376,0.2706533
2025-05-28,AMD,112.86000061035156,0.3268636
2025-05-29,AMD,113.02999877929688,0.30201823
2025-05-30,AMD,110.7300033569336,0.32400355
2025-06-02,AMD,114.62999725341795,0.23308645
2025-06-03,AMD,117.30999755859376,0.31405616
2025-06-04,AMD,118.58000183105467,0.28302085
2025-06-05,AMD,115.69000244140624,0.27906916
2025-06-06,AMD,116.19000244140624,0.30367
2025-06-09,AMD,121.7300033569336,0.25161427
2025-06-10,AMD,123.23999786376952,0.3478022
2025-06-11,AMD,121.13999938964844,0.18605083
2025-06-12,AMD,118.5,0.2508605
2025-06-13,AMD,116.16000366210938,0.17762682
2025-06-16,AMD,126.38999938964844,0.37531394
2025-06-17,AMD,127.0999984741211,0.21617208
2025-06-18,AMD,126.79000091552734,0.28222123
2025-06-20,AMD,128.24000549316406,0.3796049
2025-06-23,AMD,129.5800018310547,0.27800202
2025-06-24,AMD,138.42999267578125,0.28824893
2025-06-25,AMD,143.39999389648438,0.33886153
2025-06-26,AMD,143.67999267578125,0.3024315
2025-06-27,AMD,143.80999755859375,0.28835347
2025-06-30,AMD,141.89999389648438,0.2876519
2025-07-01,AMD,136.11000061035156,0.21370886
2025-07-02,AMD,138.52000427246094,0.27285564
2025-07-03,AMD,137.91000366210938,0.3371318
2025-07-07,AMD,134.8000030517578,0.33039007
2025-07-08,AMD,137.82000732421875,0.3430511
2025-07-09,AMD,138.41000366210938,0.4489081
2025-07-10,AMD,144.16000366210938,0.2500303
2025-07-11,AMD,146.4199981689453,0.42933622
2025-07-14,AMD,146.24000549316406,0.5439172
2025-07-15,AMD,155.61000061035156,0.4368516
2025-07-16,AMD,160.0800018310547,0.37874642
2025-07-17,AMD,160.41000366210938,0.36175096
2025-07-18,AMD,156.99000549316406,0.28558072
2025-07-21,AMD,157.0,0.31296846
2025-07-22,AMD,154.72000122070312,0.28020984
2025-07-23,AMD,158.64999389648438,0.40181398
2025-07-24,AMD,162.1199951171875,0.29156962
2025-07-25,AMD,166.47000122070312,0.32731432
2025-07-28,AMD,173.66000366210938,0.114242256
2025-07-29,AMD,177.44000244140625,0.122081645
2025-07-30,AMD,179.50999450683594,0.11672966
2025-07-31,AMD,176.30999755859375,0.18968876
2025-08-01,AMD,171.6999969482422,0.19186212
2025-08-04,AMD,176.77999877929688,0.2539696
2025-08-05,AMD,174.30999755859375,0.3492065
2025-08-06,AMD,163.1199951171875,0.29686975
2025-08-07,AMD,172.39999389648438,0.19110708
2025-08-08,AMD,172.75999450683594,0.25221652
2025-08-11,AMD,172.27999877929688,0.3159961
2025-08-12,AMD,174.9499969482422,0.31891578
2025-08-13,AMD,184.4199981689453,0.3437356
2025-08-14,AMD,180.9499969482422,0.4190463
2025-08-15,AMD,177.50999450683594,0.41956508
2025-08-18,AMD,176.13999938964844,0.39812213
2025-08-19,AMD,166.5500030517578,0.26812378
2025-08-20,AMD,165.1999969482422,0.3019311
2025-08-21,AMD,163.7100067138672,0.32537493
2025-08-22,AMD,167.75999450683594,0.2931715
2025-08-25,AMD,163.36000061035156,0.29923612
2025-08-26,AMD,166.6199951171875,0.38732764
2025-08-27,AMD,167.1300048828125,0.36498612
2025-08-28,AMD,168.5800018310547,0.37094134
2025-08-29,AMD,162.6300048828125,0.26353598
2025-09-02,AMD,162.32000732421875,0.33249214
2025-09-03,AMD,162.1300048828125,0.32837877
2025-09-04,AMD,161.7899932861328,0.36119825
2025-09-05,AMD,151.13999938964844,0.37135246
2025-09-08,AMD,151.41000366210938,0.3983521
2025-09-09,AMD,155.82000732421875,0.41455868
2025-09-10,AMD,159.5399932861328,0.25256643
2025-09-11,AMD,155.6699981689453,0.29344895
2025-09-12,AMD,158.57000732421875,0.35891497
2025-09-15,AMD,161.16000366210938,0.31033236
2025-09-16,AMD,160.4600067138672,0.2467518
2025-09-17,AMD,159.16000366210938,0.27514052
2025-09-18,AMD,157.9199981689453,0.20828791
2025-09-19,AMD,157.38999938964844,0.25165772
2025-09-22,AMD,159.7899932861328,0.25861645
2025-09-23,AMD,160.89999389648438,0.30792058
2025-09-24,AMD,160.8800048828125,0.22802888
2025-09-25,AMD,161.27000427246094,0.2652204
2025-09-26,AMD,159.4600067138672,0.27751067
2025-09-29,AMD,161.36000061035156,0.28735623
2025-09-30,AMD,161.7899932861328,0.29285458
2025-10-01,AMD,164.00999450683594,0.25096342
2025-10-02,AMD,169.72999572753906,0.22684841
2025-10-03,AMD,164.6699981689453,0.22954778
2025-10-06,AMD,203.7100067138672,0.24079281
2025-10-07,AMD,211.509994506836,0.15170269
2025-10-08,AMD,235.5599975585937,0.19180113
2025-10-09,AMD,232.88999938964844,0.1610143
2025-10-10,AMD,214.8999938964844,0.6570473
2025-10-13,AMD,216.4199981689453,0.65751565
2025-10-14,AMD,218.08999633789065,0.7695743
2025-10-15,AMD,238.6000061035156,0.28038555
2025-10-16,AMD,234.5599975585937,0.70424324
2025-10-17,AMD,233.0800018310547,0.6302364
2025-10-20,AMD,240.5599975585937,0.2795519
2025-10-21,AMD,238.02999877929688,0.3691952
2025-10-22,AMD,230.22999572753903,0.41595775
2025-10-23,AMD,234.9900054931641,0.44409838
2025-10-24,AMD,252.9199981689453,0.26668826
2025-10-27,AMD,259.6700134277344,0.13144806
2025-10-28,AMD,260.4386901855469,0.11044213
2025-05-02,AMZN,189.97999572753903,0.20124696
2025-05-05,AMZN,186.3500061035156,0.20336016
2025-05-06,AMZN,185.009994506836,0.18510543
2025-05-07,AMZN,188.7100067138672,0.17966634
2025-05-08,AMZN,192.0800018310547,0.16474994
2025-05-09,AMZN,193.0599975585937,0.18894438
2025-05-12,AMZN,208.63999938964844,0.15555623
2025-05-13,AMZN,211.3699951171875,0.26701584
2025-05-14,AMZN,210.25,0.18849806
2025-05-15,AMZN,205.1699981689453,0.32028452
2025-05-16,AMZN,205.58999633789065,0.2704698
2025-05-19,AMZN,206.16000366210932,0.22271517
2025-05-20,AMZN,204.07000732421875,0.24070661
2025-05-21,AMZN,201.1199951171875,0.22007501
2025-05-22,AMZN,203.1000061035156,0.21384571
2025-05-23,AMZN,200.9900054931641,0.19401237
2025-05-27,AMZN,206.0200042724609,0.22835161
2025-05-28,AMZN,204.72000122070312,0.27271453
2025-05-29,AMZN,205.6999969482422,0.27189857
2025-05-30,AMZN,205.009994506836,0.25736928
2025-06-02,AMZN,206.6499938964844,0.22457501
2025-06-03,AMZN,205.7100067138672,0.21938114
2025-06-04,AMZN,207.22999572753903,0.19294547
2025-06-05,AMZN,207.91000366210932,0.21131903
2025-06-06,AMZN,213.57000732421875,0.21378331
2025-06-09,AMZN,216.97999572753903,0.1968208
2025-06-10,AMZN,217.6100006103516,0.19537102
2025-06-11,AMZN,213.1999969482422,0.19410807
2025-06-12,AMZN,213.2400054931641,0.1767271
2025-06-13,AMZN,212.1000061035156,0.25840318
2025-06-16,AMZN,216.1000061035156,0.20274045
2025-06-17,AMZN,214.82000732421875,0.17721066
2025-06-18,AMZN,212.5200042724609,0.23249337
2025-06-20,AMZN,209.69000244140625,0.23273946
2025-06-23,AMZN,208.47000122070312,0.2519252
2025-06-24,AMZN,212.7700042724609,0.25487405
2025-06-25,AMZN,211.9900054931641,0.2252453
2025-06-26,AMZN,217.1199951171875,0.21728458
2025-06-27,AMZN,223.3000030517578,0.34879908
2025-06-30,AMZN,219.38999938964844,0.33906758
2025-07-01,AMZN,220.4600067138672,0.29618508
2025-07-02,AMZN,219.9199981689453,0.22377343
2025-07-03,AMZN,223.41000366210932,0.17538665
2025-07-07,AMZN,223.47000122070312,0.15864715
2025-07-08,AMZN,219.3600006103516,0.41545305
2025-07-09,AMZN,222.5399932861328,0.27802348
2025-07-10,AMZN,222.259994506836,0.17163499
2025-07-11,AMZN,225.0200042724609,0.20887622
2025-07-14,AMZN,225.69000244140625,0.2158775
2025-07-15,AMZN,226.3500061035156,0.23219225
2025-07-16,AMZN,223.19000244140625,0.29943138
2025-07-17,AMZN,223.8800048828125,0.15376975
2025-07-18,AMZN,226.1300048828125,0.24293318
2025-07-21,AMZN,229.3000030517578,0.21416871
2025-07-22,AMZN,227.47000122070312,0.21288484
2025-07-23,AMZN,228.2899932861328,0.18686578
2025-07-24,AMZN,232.22999572753903,0.34204358
2025-07-25,AMZN,231.44000244140625,0.14523229
2025-07-28,AMZN,232.7899932861328,0.11460117
2025-07-29,AMZN,231.009994506836,0.13194048
2025-07-30,AMZN,230.19000244140625,0.16893598
2025-07-31,AMZN,234.1100006103516,0.099700995
2025-08-01,AMZN,214.75,0.29001084
2025-08-04,AMZN,211.6499938964844,0.21276185
2025-08-05,AMZN,213.75,0.30788636
2025-08-06,AMZN,222.3099975585937,0.20501141
2025-08-07,AMZN,223.1300048828125,0.25012514
2025-08-08,AMZN,222.69000244140625,0.36843017
2025-08-11,AMZN,221.3000030517578,0.3221833
2025-08-12,AMZN,221.47000122070312,0.30429086
2025-08-13,AMZN,224.5599975585937,0.28333881
2025-08-14,AMZN,230.97999572753903,0.38233992
2025-08-15,AMZN,231.02999877929688,0.29069436
2025-08-18,AMZN,231.4900054931641,0.2810216
2025-08-19,AMZN,228.009994506836,0.27619743
2025-08-20,AMZN,223.8099975585937,0.28212646
2025-08-21,AMZN,221.9499969482422,0.2378322
2025-08-22,AMZN,228.83999633789065,0.23413235
2025-08-25,AMZN,227.94000244140625,0.2373514
2025-08-26,AMZN,228.7100067138672,0.28266865
2025-08-27,AMZN,229.1199951171875,0.30160573
2025-08-28,AMZN,231.6000061035156,0.2801338
2025-08-29,AMZN,229.0,0.29628047
2025-09-02,AMZN,225.33999633789065,0.3221832
2025-09-03,AMZN,225.9900054931641,0.23829496
2025-09-04,AMZN,235.67999267578125,0.27934802
2025-09-05,AMZN,232.3300018310547,0.2337834
2025-09-08,AMZN,235.83999633789065,0.13165307
2025-09-09,AMZN,238.2400054931641,0.14997748
2025-09-10,AMZN,230.3300018310547,0.26808706
2025-09-11,AMZN,229.9499969482422,0.4305008
2025-09-12,AMZN,228.1499938964844,0.20451954
2025-09-15,AMZN,231.42999267578125,0.26208434
2025-09-16,AMZN,234.0500030517578,0.24121098
2025-09-17,AMZN,231.6199951171875,0.32360017
2025-09-18,AMZN,231.22999572753903,0.3116287
2025-09-19,AMZN,231.47999572753903,0.28668535
2025-09-22,AMZN,227.6300048828125,0.36498147
2025-09-23,AMZN,220.7100067138672,0.28448835
2025-09-24,AMZN,220.2100067138672,0.28423008
2025-09-25,AMZN,218.1499938964844,0.25713313
2025-09-26,AMZN,219.77999877929688,0.22480981
2025-09-29,AMZN,222.1699981689453,0.3290464
2025-09-30,AMZN,219.57000732421875,0.3156555
2025-10-01,AMZN,220.6300048828125,0.30054638
2025-10-02,AMZN,222.41000366210932,0.30364844
2025-10-03,AMZN,219.509994506836,0.29206094
2025-10-06,AMZN,220.8999938964844,0.2837966
2025-10-07,AMZN,221.77999877929688,0.28019336
2025-10-08,AMZN,225.22000122070312,0.41996956
2025-10-09,AMZN,227.7400054931641,0.45198458
2025-10-10,AMZN,216.3699951171875,0.29536226
2025-10-13,AMZN,220.07000732421875,0.33092147
2025-10-14,AMZN,216.38999938964844,0.3186813
2025-10-15,AMZN,215.57000732421875,0.36301184
2025-10-16,AMZN,214.47000122070312,0.3439395
2025-10-17,AMZN,213.0399932861328,0.3227525
2025-10-20,AMZN,216.47999572753903,0.34235638
2025-10-21,AMZN,222.02999877929688,0.49476162
2025-10-22,AMZN,217.9499969482422,0.4074716
2025-10-23,AMZN,221.08999633789065,0.3505069
2025-10-24,AMZN,224.2100067138672,0.33882496
2025-10-27,AMZN,226.97000122070312,0.38771293
2025-10-28,AMZN,227.9017944335937,0.35358453
2025-05-02,ASML,690.3300170898438,0.14770134
2025-05-05,ASML,683.3599853515625,0.32556787
2025-05-06,ASML,679.989990234375,0.2319612
2025-05-07,ASML,700.3900146484375,0.10804717
2025-05-08,ASML,708.030029296875,0.16237651
2025-05-09,ASML,706.2100219726562,0.20773154
2025-05-12,ASML,750.2000122070312,0.30138865
2025-05-13,ASML,763.9000244140625,0.17375106
2025-05-14,ASML,768.9099731445312,0.10410668
2025-05-15,ASML,758.3599853515625,0.16234389
2025-05-16,ASML,748.0999755859375,0.103895895
2025-05-19,ASML,749.1300048828125,0.14786537
2025-05-20,ASML,748.760009765625,0.1552036
2025-05-21,ASML,737.1699829101562,0.24390066
2025-05-22,ASML,740.7000122070312,0.27504262
2025-05-23,ASML,732.489990234375,0.15318698
2025-05-27,ASML,756.7899780273438,0.20580396
2025-05-28,ASML,746.510009765625,0.2335653
2025-05-29,ASML,747.0700073242188,0.22937043
2025-05-30,ASML,736.77001953125,0.16518983
2025-06-02,ASML,746.530029296875,0.22480868
2025-06-03,ASML,747.25,0.17732933
2025-06-04,ASML,742.780029296875,0.20490369
2025-06-05,ASML,747.760009765625,0.21915253
2025-06-06,ASML,753.02001953125,0.11473726
2025-06-09,ASML,770.2000122070312,0.16237746
2025-06-10,ASML,784.969970703125,0.24356912
2025-06-11,ASML,784.0900268554688,0.18151297
2025-06-12,ASML,786.2100219726562,0.28578636
2025-06-13,ASML,761.0,0.31928498
2025-06-16,ASML,775.22998046875,0.23182772
2025-06-17,ASML,759.8599853515625,0.37084016
2025-06-18,ASML,761.6400146484375,0.22285311
2025-06-20,ASML,756.530029296875,0.35351795
2025-06-23,ASML,779.719970703125,0.1559187
2025-06-24,ASML,813.3599853515625,0.13326153
2025-06-25,ASML,815.239990234375,0.23380539
2025-06-26,ASML,798.0900268554688,0.3042944
2025-06-27,ASML,795.9500122070312,0.14902773
2025-06-30,ASML,801.3900146484375,0.17239949
2025-07-01,ASML,790.469970703125,0.37350026
2025-07-02,ASML,799.5900268554688,0.1936543
2025-07-03,ASML,794.5,0.28164393
2025-07-07,ASML,785.0900268554688,0.2642771
2025-07-08,ASML,794.0999755859375,0.29902905
2025-07-09,ASML,799.8300170898438,0.15090702
2025-07-10,ASML,802.0900268554688,0.30795467
2025-07-11,ASML,801.9299926757812,0.20518762
2025-07-14,ASML,806.72998046875,0.20031667
2025-07-15,ASML,823.02001953125,0.26744354
2025-07-16,ASML,754.4500122070312,0.23413579
2025-07-17,ASML,744.9099731445312,0.28352582
2025-07-18,ASML,734.5800170898438,0.31954134
2025-07-21,ASML,719.6799926757812,0.3839936
2025-07-22,ASML,705.47998046875,0.429064
2025-07-23,ASML,716.9299926757812,0.36684653
2025-07-24,ASML,725.0800170898438,0.34999704
2025-07-25,ASML,711.25,0.38147786
2025-07-28,ASML,729.989990234375,0.23606493
2025-07-29,ASML,718.489990234375,0.22007321
2025-07-30,ASML,721.4500122070312,0.25664914
2025-07-31,ASML,694.7100219726562,0.31969452
2025-08-01,ASML,689.8200073242188,0.3674014
2025-08-04,ASML,699.3599853515625,0.2369579
2025-08-05,ASML,689.6300048828125,0.3347894
2025-08-06,ASML,690.9600219726562,0.3865846
2025-08-07,ASML,713.1199951171875,0.24799478
2025-08-08,ASML,722.3200073242188,0.19934016
2025-08-11,ASML,721.3099975585938,0.23992662
2025-08-12,ASML,741.7899780273438,0.067104526
2025-08-13,ASML,755.5700073242188,0.21642748
2025-08-14,ASML,755.2100219726562,0.1433542
2025-08-15,ASML,742.1599731445312,0.17741798
2025-08-18,ASML,747.5499877929688,0.18876675
2025-08-19,ASML,743.6099853515625,0.17710869
2025-08-20,ASML,749.489990234375,0.16177686
2025-08-21,ASML,735.4000244140625,0.37327367
2025-08-22,ASML,754.8900146484375,0.26052582
2025-08-25,ASML,754.4600219726562,0.39061046
2025-08-26,ASML,763.2000122070312,0.34165242
2025-08-27,ASML,770.0,0.42480817
2025-08-28,ASML,763.4600219726562,0.34525463
2025-08-29,ASML,742.6199951171875,0.32795957
2025-09-02,ASML,725.8499755859375,0.23870333
2025-09-03,ASML,736.8200073242188,0.16644977
2025-09-04,ASML,753.4299926757812,0.31243226
2025-09-05,ASML,781.7000122070312,0.2169268
2025-09-08,ASML,796.25,0.18130483
2025-09-09,ASML,805.1300048828125,0.16594142
2025-09-10,ASML,793.1400146484375,0.219897
2025-09-11,ASML,804.1599731445312,0.19121799
2025-09-12,ASML,813.8699951171875,0.39288923
2025-09-15,ASML,867.2999877929688,0.2168035
2025-09-16,ASML,878.4199829101562,0.15565082
2025-09-17,ASML,872.27001953125,0.12851079
2025-09-18,ASML,927.7999877929688,0.18157478
2025-09-19,ASML,932.1500244140624,0.15327531
2025-09-22,ASML,957.7999877929688,0.09474988
2025-09-23,ASML,963.510009765625,0.114227936
2025-09-24,ASML,946.9400024414062,0.14149368
2025-09-25,ASML,949.5499877929688,0.26059902
2025-09-26,ASML,951.52001953125,0.38141543
2025-09-29,ASML,962.6099853515624,0.2104569
2025-09-30,ASML,968.0900268554688,0.24623893
2025-10-01,ASML,1003.27001953125,0.11322413
2025-10-02,ASML,1030.1700439453125,0.10068442
2025-10-03,ASML,1032.219970703125,0.10811928
2025-10-06,ASML,1043.300048828125,0.028252492
2025-10-07,ASML,1002.2999877929688,0.18861425
2025-10-08,ASML,987.8099975585938,0.08750385
2025-10-09,ASML,980.5399780273438,0.10501652
2025-10-10,ASML,936.1900024414062,0.28425184
2025-10-13,ASML,984.6599731445312,0.06828517
2025-10-14,ASML,983.1799926757812,0.049398616
2025-10-15,ASML,1009.8099975585938,0.041872356
2025-10-16,ASML,1019.5900268554688,0.076504506
2025-10-17,ASML,1029.27001953125,0.10090286
2025-10-20,ASML,1042.1500244140625,0.11046108
2025-10-21,ASML,1025.02001953125,0.09502705
2025-10-22,ASML,1011.5700073242188,0.06967589
2025-10-23,ASML,1036.4100341796875,0.049418326
2025-10-24,ASML,1033.0999755859375,0.107864685
2025-10-27,ASML,1059.97998046875,0.044592667
2025-10-28,ASML,1057.949951171875,0.3818346
2025-05-02,AVGO,203.63999938964844,0.3470248
2025-05-05,AVGO,200.72000122070312,0.42819163
2025-05-06,AVGO,200.08999633789065,0.2935725
2025-05-07,AVGO,204.8099975585937,0.25293678
2025-05-08,AVGO,207.7700042724609,0.17540753
2025-05-09,AVGO,208.1999969482422,0.18032597
2025-05-12,AVGO,221.5800018310547,0.15663022
2025-05-13,AVGO,232.4199981689453,0.19355188
2025-05-14,AVGO,232.1199951171875,0.30030188
2025-05-15,AVGO,232.63999938964844,0.30749902
2025-05-16,AVGO,228.6100006103516,0.26948473
2025-05-19,AVGO,230.6300048828125,0.1783227
2025-05-20,AVGO,231.67999267578125,0.12652688
2025-05-21,AVGO,229.72999572753903,0.22491543
2025-05-22,AVGO,230.52999877929688,0.1424275
2025-05-23,AVGO,228.72000122070312,0.21152173
2025-05-27,AVGO,235.6499938964844,0.18600042
2025-05-28,AVGO,239.42999267578125,0.19077553
2025-05-29,AVGO,241.97000122070312,0.18429564
2025-05-30,AVGO,242.07000732421875,0.20791528
2025-06-02,AVGO,248.7100067138672,0.29049805
2025-06-03,AVGO,256.8500061035156,0.27377114
2025-06-04,AVGO,261.0799865722656,0.13715333
2025-06-05,AVGO,259.92999267578125,0.2529237
2025-06-06,AVGO,246.92999267578125,0.5097422
2025-06-09,AVGO,244.27999877929688,0.19988663
2025-06-10,AVGO,244.6300048828125,0.2685623
2025-06-11,AVGO,252.91000366210932,0.21015754
2025-06-12,AVGO,256.07000732421875,0.16525017
2025-06-13,AVGO,248.6999969482422,0.22873437
2025-06-16,AVGO,252.1000061035156,0.23224439
2025-06-17,AVGO,249.3699951171875,0.3329632
2025-06-18,AVGO,251.259994506836,0.34700367
2025-06-20,AVGO,249.9900054931641,0.39845133
2025-06-23,AVGO,253.7700042724609,0.30209774
2025-06-24,AVGO,263.7699890136719,0.3066407
2025-06-25,AVGO,264.6499938964844,0.3211312
2025-06-26,AVGO,270.1700134277344,0.2322799
2025-06-27,AVGO,269.3500061035156,0.1775579
2025-06-30,AVGO,275.6499938964844,0.1312582
2025-07-01,AVGO,264.739990234375,0.1739566
2025-07-02,AVGO,269.8999938964844,0.29327843
2025-07-03,AVGO,275.17999267578125,0.21778975
2025-07-07,AVGO,274.17999267578125,0.21872488
2025-07-08,AVGO,271.79998779296875,0.2257867
2025-07-09,AVGO,277.8999938964844,0.4326355
2025-07-10,AVGO,275.3999938964844,0.23952322
2025-07-11,AVGO,274.3800048828125,0.2478268
2025-07-14,AVGO,275.6000061035156,0.2882721
2025-07-15,AVGO,280.94000244140625,0.37248155
2025-07-16,AVGO,280.8099975585937,0.27460417
2025-07-17,AVGO,286.45001220703125,0.39621317
2025-07-18,AVGO,283.3399963378906,0.27135858
2025-07-21,AVGO,288.2099914550781,0.3906749
2025-07-22,AVGO,278.5899963378906,0.2767528
2025-07-23,AVGO,283.69000244140625,0.28055987
2025-07-24,AVGO,288.7099914550781,0.22952057
2025-07-25,AVGO,290.17999267578125,0.20664047
2025-07-28,AVGO,294.29998779296875,0.23389389
2025-07-29,AVGO,297.4200134277344,0.21733014
2025-07-30,AVGO,302.6199951171875,0.26107866
2025-07-31,AVGO,293.70001220703125,0.24740434
2025-08-01,AVGO,288.6400146484375,0.2418548
2025-08-04,AVGO,297.7200012207031,0.25127214
2025-08-05,AVGO,292.92999267578125,0.28217664
2025-08-06,AVGO,301.6700134277344,0.2604403
2025-08-07,AVGO,303.760009765625,0.26645544
2025-08-08,AVGO,304.9700012207031,0.30259943
2025-08-11,AVGO,303.8999938964844,0.27348962
2025-08-12,AVGO,312.8299865722656,0.17647159
2025-08-13,AVGO,309.0899963378906,0.23647502
2025-08-14,AVGO,311.2300109863281,0.1963516
2025-08-15,AVGO,306.3399963378906,0.27876866
2025-08-18,AVGO,305.760009765625,0.2626995
2025-08-19,AVGO,294.9100036621094,0.3375354
2025-08-20,AVGO,291.1700134277344,0.43423575
2025-08-21,AVGO,289.6000061035156,0.35304865
2025-08-22,AVGO,294.0,0.3153942
2025-08-25,AVGO,294.2300109863281,0.3559961
2025-08-26,AVGO,298.010009765625,0.29702985
2025-08-27,AVGO,300.25,0.40550432
2025-08-28,AVGO,308.6499938964844,0.2601013
2025-08-29,AVGO,297.3900146484375,0.2717416
2025-09-02,AVGO,298.239990234375,0.32235682
2025-09-03,AVGO,302.3900146484375,0.3099831
2025-09-04,AVGO,306.1000061035156,0.24603325
2025-09-05,AVGO,334.8900146484375,0.15367274
2025-09-08,AVGO,345.6499938964844,0.28410932
2025-09-09,AVGO,336.6700134277344,0.20981634
2025-09-10,AVGO,369.5700073242188,0.6136688
2025-09-11,AVGO,359.6300048828125,0.38020068
2025-09-12,AVGO,359.8699951171875,0.23944385
2025-09-15,AVGO,364.0899963378906,0.30140144
2025-09-16,AVGO,360.0,0.34644344
2025-09-17,AVGO,346.1700134277344,0.22495614
2025-09-18,AVGO,345.3500061035156,0.29654884
2025-09-19,AVGO,344.94000244140625,0.28881508
2025-09-22,AVGO,338.7900085449219,0.33855808
2025-09-23,AVGO,338.94000244140625,0.36778125
2025-09-24,AVGO,339.3099975585937,0.5003451
2025-09-25,AVGO,336.1000061035156,0.31980836
2025-09-26,AVGO,334.5299987792969,0.32572755
2025-09-29,AVGO,327.8999938964844,0.29431382
2025-09-30,AVGO,329.9100036621094,0.23411183
2025-10-01,AVGO,333.3900146484375,0.21860991
2025-10-02,AVGO,338.17999267578125,0.25173998
2025-10-03,AVGO,338.3699951171875,0.30669254
2025-10-06,AVGO,335.489990234375,0.3278299
2025-10-07,AVGO,336.4100036621094,0.39074072
2025-10-08,AVGO,345.5,0.3147222
2025-10-09,AVGO,345.0199890136719,0.30996725
2025-10-10,AVGO,324.6300048828125,0.15108481
2025-10-13,AVGO,356.70001220703125,0.31481037
2025-10-14,AVGO,344.1300048828125,0.30800617
2025-10-15,AVGO,351.3299865722656,0.320973
2025-10-16,AVGO,354.1499938964844,0.20708473
2025-10-17,AVGO,349.3299865722656,0.255199
2025-10-20,AVGO,349.239990234375,0.2654085
2025-10-21,AVGO,342.6600036621094,0.2611092
2025-10-22,AVGO,340.29998779296875,0.28442714
2025-10-23,AVGO,344.2900085449219,0.2712858
2025-10-24,AVGO,354.1300048828125,0.21320455
2025-10-27,AVGO,362.0499877929688,0.14279434
2025-10-28,AVGO,366.6449890136719,0.16867109
2025-05-02,GOOGL,164.02999877929688,0.27305597
2025-05-05,GOOGL,164.2100067138672,0.27446884
2025-05-06,GOOGL,163.22999572753906,0.30187526
2025-05-07,GOOGL,151.3800048828125,0.22427592
2025-05-08,GOOGL,154.27999877929688,0.22270875
2025-05-09,GOOGL,152.75,0.22645326
2025-05-12,GOOGL,158.4600067138672,0.18732697
2025-05-13,GOOGL,159.52999877929688,0.2662826
2025-05-14,GOOGL,165.3699951171875,0.184104
2025-05-15,GOOGL,163.9600067138672,0.24638902
2025-05-16,GOOGL,166.19000244140625,0.18068148
2025-05-19,GOOGL,166.5399932861328,0.21298611
2025-05-20,GOOGL,163.97999572753906,0.22646523
2025-05-21,GOOGL,168.55999755859375,0.21800694
2025-05-22,GOOGL,170.8699951171875,0.14308348
2025-05-23,GOOGL,168.47000122070312,0.1923599
2025-05-27,GOOGL,172.89999389648438,0.16565053
2025-05-28,GOOGL,172.36000061035156,0.20224965
2025-05-29,GOOGL,171.86000061035156,0.19982597
2025-05-30,GOOGL,171.74000549316406,0.30823857
2025-06-02,GOOGL,169.02999877929688,0.34468412
2025-06-03,GOOGL,166.17999267578125,0.2506116
2025-06-04,GOOGL,168.0500030517578,0.27300993
2025-06-05,GOOGL,168.2100067138672,0.23446663
2025-06-06,GOOGL,173.67999267578125,0.17707339
2025-06-09,GOOGL,176.08999633789062,0.19922727
2025-06-10,GOOGL,178.60000610351562,0.1937244
2025-06-11,GOOGL,177.35000610351562,0.16251014
2025-06-12,GOOGL,175.6999969482422,0.21030764
2025-06-13,GOOGL,174.6699981689453,0.25595027
2025-06-16,GOOGL,176.77000427246094,0.22362703
2025-06-17,GOOGL,175.9499969482422,0.22070953
2025-06-18,GOOGL,173.32000732421875,0.18096647
2025-06-20,GOOGL,166.63999938964844,0.2420182
2025-06-23,GOOGL,165.19000244140625,0.2711269
2025-06-24,GOOGL,166.77000427246094,0.2408801
2025-06-25,GOOGL,170.67999267578125,0.24870996
2025-06-26,GOOGL,173.5399932861328,0.24888544
2025-06-27,GOOGL,178.52999877929688,0.25225437
2025-06-30,GOOGL,176.22999572753906,0.36566305
2025-07-01,GOOGL,175.83999633789062,0.31344435
2025-07-02,GOOGL,178.63999938964844,0.22320704
2025-07-03,GOOGL,179.52999877929688,0.16319859
2025-07-07,GOOGL,176.7899932861328,0.23702997
2025-07-08,GOOGL,174.36000061035156,0.25371924
2025-07-09,GOOGL,176.6199951171875,0.2596606
2025-07-10,GOOGL,177.6199951171875,0.24848308
2025-07-11,GOOGL,180.19000244140625,0.2545039
2025-07-14,GOOGL,181.5599975585937,0.2571485
2025-07-15,GOOGL,182.0,0.23465392
2025-07-16,GOOGL,182.97000122070312,0.23563175
2025-07-17,GOOGL,183.5800018310547,0.17564525
2025-07-18,GOOGL,185.0599975585937,0.19338483
2025-07-21,GOOGL,190.1000061035156,0.27569982
2025-07-22,GOOGL,191.33999633789065,0.19320188
2025-07-23,GOOGL,190.22999572753903,0.25784138
2025-07-24,GOOGL,192.1699981689453,0.21116757
2025-07-25,GOOGL,193.17999267578125,0.12705968
2025-07-28,GOOGL,192.5800018310547,0.20414013
2025-07-29,GOOGL,195.75,0.2543574
2025-07-30,GOOGL,196.52999877929688,0.2861953
2025-07-31,GOOGL,191.8999938964844,0.27279449
2025-08-01,GOOGL,189.1300048828125,0.21872579
2025-08-04,GOOGL,195.0399932861328,0.28185704
2025-08-05,GOOGL,194.6699981689453,0.29910702
2025-08-06,GOOGL,196.08999633789065,0.28361848
2025-08-07,GOOGL,196.5200042724609,0.38962328
2025-08-08,GOOGL,201.4199981689453,0.49855542
2025-08-11,GOOGL,201.0,0.3965275
2025-08-12,GOOGL,203.33999633789065,0.30901027
2025-08-13,GOOGL,201.9600067138672,0.33962256
2025-08-14,GOOGL,202.94000244140625,0.330114
2025-08-15,GOOGL,203.8999938964844,0.15689114
2025-08-18,GOOGL,203.5,0.17083627
2025-08-19,GOOGL,201.57000732421875,0.17367008
2025-08-20,GOOGL,199.32000732421875,0.1491449
2025-08-21,GOOGL,199.75,0.17515303
2025-08-22,GOOGL,206.08999633789065,0.15215753
2025-08-25,GOOGL,208.4900054931641,0.14148627
2025-08-26,GOOGL,207.13999938964844,0.15096451
2025-08-27,GOOGL,207.47999572753903,0.16844597
2025-08-28,GOOGL,211.63999938964844,0.18216185
2025-08-29,GOOGL,212.91000366210932,0.13717693
2025-09-02,GOOGL,211.3500061035156,0.21597818
2025-09-03,GOOGL,230.66000366210932,0.2998746
2025-09-04,GOOGL,232.3000030517578,0.42984977
2025-09-05,GOOGL,235.0,0.3161476
2025-09-08,GOOGL,234.0399932861328,0.18426369
2025-09-09,GOOGL,239.6300048828125,0.23818384
2025-09-10,GOOGL,239.1699981689453,0.2038966
2025-09-11,GOOGL,240.3699951171875,0.21340771
2025-09-12,GOOGL,240.8000030517578,0.2432141
2025-09-15,GOOGL,251.6100006103516,0.23764591
2025-09-16,GOOGL,251.16000366210932,0.17265138
2025-09-17,GOOGL,249.52999877929688,0.16652587
2025-09-18,GOOGL,252.02999877929688,0.14332087
2025-09-19,GOOGL,254.72000122070312,0.27101728
2025-09-22,GOOGL,252.52999877929688,0.28958863
2025-09-23,GOOGL,251.66000366210932,0.19886732
2025-09-24,GOOGL,247.13999938964844,0.14685532
2025-09-25,GOOGL,245.7899932861328,0.23429866
2025-09-26,GOOGL,246.5399932861328,0.3159967
2025-09-29,GOOGL,244.0500030517578,0.3414379
2025-09-30,GOOGL,243.1000061035156,0.37736294
2025-10-01,GOOGL,244.8999938964844,0.31925818
2025-10-02,GOOGL,245.69000244140625,0.31303576
2025-10-03,GOOGL,245.3500061035156,0.37471005
2025-10-06,GOOGL,250.42999267578125,0.28127128
2025-10-07,GOOGL,245.759994506836,0.3643993
2025-10-08,GOOGL,244.6199951171875,0.3353843
2025-10-09,GOOGL,241.52999877929688,0.25700474
2025-10-10,GOOGL,236.57000732421875,0.2668686
2025-10-13,GOOGL,244.1499938964844,0.256942
2025-10-14,GOOGL,245.4499969482422,0.4354433
2025-10-15,GOOGL,251.02999877929688,0.32937858
2025-10-16,GOOGL,251.4600067138672,0.3074092
2025-10-17,GOOGL,253.3000030517578,0.41530764
2025-10-20,GOOGL,256.54998779296875,0.4102065
2025-10-21,GOOGL,250.4600067138672,0.43661004
2025-10-22,GOOGL,251.69000244140625,0.33865106
2025-10-23,GOOGL,253.0800018310547,0.17976747
2025-10-24,GOOGL,259.9200134277344,0.22014256
2025-10-27,GOOGL,269.2699890136719,0.22394022
2025-10-28,GOOGL,266.6549987792969,0.2129099
2025-05-02,META,597.02001953125,0.25235924
2025-05-05,META,599.27001953125,0.20442685
2025-05-06,META,587.3099975585938,0.21188043
2025-05-07,META,596.8099975585938,0.12378042
2025-05-08,META,598.010009765625,0.12220593
2025-05-09,META,592.489990234375,0.13368887
2025-05-12,META,639.4299926757812,0.18447426
2025-05-13,META,656.030029296875,0.2021642
2025-05-14,META,659.3599853515625,0.11764022
2025-05-15,META,643.8800048828125,0.15618622
2025-05-16,META,640.3400268554688,0.25448123
2025-05-19,META,640.4299926757812,0.12935415
2025-05-20,META,637.0999755859375,0.09894138
2025-05-21,META,635.5,0.2436018
2025-05-22,META,636.5700073242188,0.19293007
2025-05-23,META,627.0599975585938,0.38830367
2025-05-27,META,642.3200073242188,0.3379447
2025-05-28,META,643.5800170898438,0.35775232
2025-05-29,META,645.0499877929688,0.34049314
2025-05-30,META,647.489990234375,0.47301587
2025-06-02,META,670.9000244140625,0.3623394
2025-06-03,META,666.8499755859375,0.2500751
2025-06-04,META,687.9500122070312,0.22060522
2025-06-05,META,684.6199951171875,0.31593272
2025-06-06,META,697.7100219726562,0.26697344
2025-06-09,META,694.0599975585938,0.23736408
2025-06-10,META,702.4000244140625,0.34783024
2025-06-11,META,694.1400146484375,0.37694418
2025-06-12,META,693.3599853515625,0.31966352
2025-06-13,META,682.8699951171875,0.35085595
2025-06-16,META,702.1199951171875,0.30787757
2025-06-17,META,697.22998046875,0.4105208
2025-06-18,META,695.77001953125,0.44494873
2025-06-20,META,682.3499755859375,0.43116832
2025-06-23,META,698.530029296875,0.27914453
2025-06-24,META,712.2000122070312,0.33803943
2025-06-25,META,708.6799926757812,0.344752
2025-06-26,META,726.0900268554688,0.18749733
2025-06-27,META,733.6300048828125,0.30258188
2025-06-30,META,738.0900268554688,0.19011478
2025-07-01,META,719.219970703125,0.16551948
2025-07-02,META,713.5700073242188,0.16576326
2025-07-03,META,719.010009765625,0.11239831
2025-07-07,META,718.3499755859375,0.12441434
2025-07-08,META,720.6699829101562,0.15252395
2025-07-09,META,732.780029296875,0.09681196
2025-07-10,META,727.239990234375,0.06383048
2025-07-11,META,717.510009765625,0.18847476
2025-07-14,META,720.9199829101562,0.15379676
2025-07-15,META,710.3900146484375,0.14709374
2025-07-16,META,702.9099731445312,0.470489
2025-07-17,META,701.4099731445312,0.5312872
2025-07-18,META,704.280029296875,0.3700812
2025-07-21,META,712.969970703125,0.44151214
2025-07-22,META,704.8099975585938,0.46756798
2025-07-23,META,713.5800170898438,0.37878534
2025-07-24,META,714.7999877929688,0.20470536
2025-07-25,META,712.6799926757812,0.25305304
2025-07-28,META,717.6300048828125,0.24363498
2025-07-29,META,700.0,0.28780884
2025-07-30,META,695.2100219726562,0.50284684
2025-07-31,META,773.4400024414062,0.14244358
2025-08-01,META,750.010009765625,0.23526825
2025-08-04,META,776.3699951171875,0.2904897
2025-08-05,META,763.4600219726562,0.32482532
2025-08-06,META,771.989990234375,0.44802105
2025-08-07,META,761.8300170898438,0.45999053
2025-08-08,META,769.2999877929688,0.41256353
2025-08-11,META,765.8699951171875,0.26782858
2025-08-12,META,790.0,0.3721146
2025-08-13,META,780.0800170898438,0.35012427
2025-08-14,META,782.1300048828125,0.38836363
2025-08-15,META,785.22998046875,0.3790289
2025-08-18,META,767.3699951171875,0.59554476
2025-08-19,META,751.47998046875,0.412037
2025-08-20,META,747.719970703125,0.40382892
2025-08-21,META,739.0999755859375,0.41542187
2025-08-22,META,754.7899780273438,0.33862746
2025-08-25,META,753.2999877929688,0.29280853
2025-08-26,META,754.0999755859375,0.28797537
2025-08-27,META,747.3800048828125,0.27609658
2025-08-28,META,751.1099853515625,0.30300242
2025-08-29,META,738.7000122070312,0.34896693
2025-09-02,META,735.1099853515625,0.42927536
2025-09-03,META,737.0499877929688,0.44842124
2025-09-04,META,748.6500244140625,0.4692011
2025-09-05,META,752.4500122070312,0.43558353
2025-09-08,META,752.2999877929688,0.2971161
2025-09-09,META,765.7000122070312,0.36042398
2025-09-10,META,751.97998046875,0.28163433
2025-09-11,META,750.9000244140625,0.35649323
2025-09-12,META,755.5900268554688,0.37717938
2025-09-15,META,764.7000122070312,0.46386412
2025-09-16,META,779.0,0.2981487
2025-09-17,META,775.719970703125,0.23531102
2025-09-18,META,780.25,0.16027172
2025-09-19,META,778.3800048828125,0.23427483
2025-09-22,META,765.1599731445312,0.44256467
2025-09-23,META,755.4000244140625,0.47555006
2025-09-24,META,760.6599731445312,0.30917734
2025-09-25,META,748.9099731445312,0.42452326
2025-09-26,META,743.75,0.38074014
2025-09-29,META,743.4000244140625,0.36842033
2025-09-30,META,734.3800048828125,0.27192333
2025-10-01,META,717.3400268554688,0.4282775
2025-10-02,META,727.0499877929688,0.41446307
2025-10-03,META,710.5599975585938,0.29357758
2025-10-06,META,715.6599731445312,0.26578042
2025-10-07,META,713.0800170898438,0.36889964
2025-10-08,META,717.8400268554688,0.33712807
2025-10-09,META,733.510009765625,0.16559398
2025-10-10,META,705.2999877929688,0.3112314
2025-10-13,META,715.7000122070312,0.38903746
2025-10-14,META,708.6500244140625,0.51133734
2025-10-15,META,717.5499877929688,0.23455857
2025-10-16,META,712.0700073242188,0.26302496
2025-10-17,META,716.9199829101562,0.20142457
2025-10-20,META,732.1699829101562,0.26181275
2025-10-21,META,733.27001953125,0.2568155
2025-10-22,META,733.4099731445312,0.24199775
2025-10-23,META,734.0,0.2576511
2025-10-24,META,738.3599853515625,0.25095206
2025-10-27,META,750.8200073242188,0.34868366
2025-10-28,META,750.9600219726562,0.30822274
2025-05-02,MSFT,435.2799987792969,0.36506015
2025-05-05,MSFT,436.1700134277344,0.4733143
2025-05-06,MSFT,433.30999755859375,0.39003757
2025-05-07,MSFT,433.3500061035156,0.45934942
2025-05-08,MSFT,438.1700134277344,0.24546231
2025-05-09,MSFT,438.7300109863281,0.3298047
2025-05-12,MSFT,449.260009765625,0.39602026
2025-05-13,MSFT,449.1400146484375,0.47518548
2025-05-14,MSFT,452.9400024414063,0.42611113
2025-05-15,MSFT,453.1300048828125,0.47319058
2025-05-16,MSFT,454.2699890136719,0.3553576
2025-05-19,MSFT,458.8699951171875,0.27658913
2025-05-20,MSFT,458.1700134277344,0.30327088
2025-05-21,MSFT,452.5700073242188,0.3494839
2025-05-22,MSFT,454.8599853515625,0.35289395
2025-05-23,MSFT,450.1799926757813,0.35988337
2025-05-27,MSFT,460.6900024414063,0.30054736
2025-05-28,MSFT,457.3599853515625,0.29195806
2025-05-29,MSFT,458.6799926757813,0.23683795
2025-05-30,MSFT,460.3599853515625,0.11978387
2025-06-02,MSFT,461.9700012207031,0.17358688
2025-06-03,MSFT,462.9700012207031,0.17329223
2025-06-04,MSFT,463.8699951171875,0.15472282
2025-06-05,MSFT,467.6799926757813,0.16259228
2025-06-06,MSFT,470.3800048828125,0.1416064
2025-06-09,MSFT,472.75,0.13817297
2025-06-10,MSFT,470.9200134277344,0.13008296
2025-06-11,MSFT,472.6199951171875,0.11937475
2025-06-12,MSFT,478.8699951171875,0.14025669
2025-06-13,MSFT,474.9599914550781,0.13224904
2025-06-16,MSFT,479.1400146484375,0.15516889
2025-06-17,MSFT,478.0400085449219,0.12816547
2025-06-18,MSFT,480.239990234375,0.13912547
2025-06-20,MSFT,477.3999938964844,0.07447981
2025-06-23,MSFT,486.0,0.13826932
2025-06-24,MSFT,490.1099853515625,0.14613242
2025-06-25,MSFT,492.2699890136719,0.14582326
2025-06-26,MSFT,497.4500122070313,0.17831774
2025-06-27,MSFT,495.9400024414063,0.11529689
2025-06-30,MSFT,497.4100036621094,0.15159924
2025-07-01,MSFT,492.0499877929688,0.14925088
2025-07-02,MSFT,491.0899963378906,0.17645031
2025-07-03,MSFT,498.8399963378906,0.22348572
2025-07-07,MSFT,497.7200012207031,0.16517285
2025-07-08,MSFT,496.6199951171875,0.17209107
2025-07-09,MSFT,503.510009765625,0.21547563
2025-07-10,MSFT,501.4800109863281,0.15499714
2025-07-11,MSFT,503.3200073242188,0.1443731
2025-07-14,MSFT,503.0199890136719,0.13524227
2025-07-15,MSFT,505.8200073242188,0.1744735
2025-07-16,MSFT,505.6199951171875,0.14035419
2025-07-17,MSFT,511.7000122070313,0.16349132
2025-07-18,MSFT,510.0499877929688,0.11745632
2025-07-21,MSFT,510.05999755859375,0.13290735
2025-07-22,MSFT,505.2699890136719,0.20862593
2025-07-23,MSFT,505.8699951171875,0.20789294
2025-07-24,MSFT,510.8800048828125,0.20047107
2025-07-25,MSFT,513.7100219726562,0.20584464
2025-07-28,MSFT,512.5,0.23867232
2025-07-29,MSFT,512.5700073242188,0.28501606
2025-07-30,MSFT,513.239990234375,0.14816266
2025-07-31,MSFT,533.5,0.2490396
2025-08-01,MSFT,524.1099853515625,0.10089368
2025-08-04,MSFT,535.6400146484375,0.11488245
2025-08-05,MSFT,527.75,0.1474665
2025-08-06,MSFT,524.9400024414062,0.12786475
2025-08-07,MSFT,520.8400268554688,0.1418444
2025-08-08,MSFT,522.0399780273438,0.16611078
2025-08-11,MSFT,521.77001953125,0.14457141
2025-08-12,MSFT,529.239990234375,0.16605636
2025-08-13,MSFT,520.5800170898438,0.24291731
2025-08-14,MSFT,522.47998046875,0.30988845
2025-08-15,MSFT,520.1699829101562,0.22640295
2025-08-18,MSFT,517.0999755859375,0.25516397
2025-08-19,MSFT,509.7699890136719,0.3260733
2025-08-20,MSFT,505.7200012207031,0.24960075
2025-08-21,MSFT,504.239990234375,0.3110556
2025-08-22,MSFT,507.2300109863281,0.30764487
2025-08-25,MSFT,504.260009765625,0.2735693
2025-08-26,MSFT,502.0400085449219,0.106396206
2025-08-27,MSFT,506.739990234375,0.33939844
2025-08-28,MSFT,509.6400146484375,0.32678154
2025-08-29,MSFT,506.6900024414063,0.28032082
2025-09-02,MSFT,505.1199951171875,0.2122112
2025-09-03,MSFT,505.3500061035156,0.2625882
2025-09-04,MSFT,507.9700012207031,0.40440187
2025-09-05,MSFT,495.0,0.07764719
2025-09-08,MSFT,498.2000122070313,0.12117685
2025-09-09,MSFT,498.4100036621094,0.16708288
2025-09-10,MSFT,500.3699951171875,0.39225996
2025-09-11,MSFT,501.010009765625,0.38660935
2025-09-12,MSFT,509.8999938964844,0.51588553
2025-09-15,MSFT,515.3599853515625,0.48722333
2025-09-16,MSFT,509.0400085449219,0.4541456
2025-09-17,MSFT,510.0199890136719,0.3941903
2025-09-18,MSFT,508.4500122070313,0.39988652
2025-09-19,MSFT,517.9299926757812,0.1574885
2025-09-22,MSFT,514.4500122070312,0.31152862
2025-09-23,MSFT,509.2300109863281,0.3860105
2025-09-24,MSFT,510.1499938964844,0.3773811
2025-09-25,MSFT,507.0299987792969,0.31019455
2025-09-26,MSFT,511.4599914550781,0.3493039
2025-09-29,MSFT,514.5999755859375,0.30199948
2025-09-30,MSFT,517.9500122070312,0.34187022
2025-10-01,MSFT,519.7100219726562,0.24860798
2025-10-02,MSFT,515.739990234375,0.2216655
2025-10-03,MSFT,517.3499755859375,0.34626177
2025-10-06,MSFT,528.5700073242188,0.16614951
2025-10-07,MSFT,523.97998046875,0.19302142
2025-10-08,MSFT,524.8499755859375,0.22998278
2025-10-09,MSFT,522.4000244140625,0.2867488
2025-10-10,MSFT,510.9599914550781,0.49744666
2025-10-13,MSFT,514.0499877929688,0.38866955
2025-10-14,MSFT,513.5700073242188,0.3390431
2025-10-15,MSFT,513.4299926757812,0.35983032
2025-10-16,MSFT,511.6099853515625,0.4217044
2025-10-17,MSFT,513.5800170898438,0.38377038
2025-10-20,MSFT,516.7899780273438,0.37435752
2025-10-21,MSFT,517.6599731445312,0.3390779
2025-10-22,MSFT,520.5399780273438,0.35458958
2025-10-23,MSFT,520.5599975585938,0.36088094
2025-10-24,MSFT,523.6099853515625,0.3160958
2025-10-27,MSFT,531.52001953125,0.16188039
2025-10-28,MSFT,541.5150146484375,0.14811271
2025-05-02,NVDA,114.5,0.38765323
2025-05-05,NVDA,113.81999969482422,0.3879306
2025-05-06,NVDA,113.54000091552734,0.4031204
2025-05-07,NVDA,117.05999755859376,0.49073836
2025-05-08,NVDA,117.37000274658205,0.4629601
2025-05-09,NVDA,116.6500015258789,0.22599225
2025-05-12,NVDA,123.0,0.3260192
2025-05-13,NVDA,129.92999267578125,0.46634892
2025-05-14,NVDA,135.33999633789062,0.5119165
2025-05-15,NVDA,134.8300018310547,0.69868547
2025-05-16,NVDA,135.39999389648438,0.6621219
2025-05-19,NVDA,135.57000732421875,0.63259745
2025-05-20,NVDA,134.3800048828125,0.42975685
2025-05-21,NVDA,131.8000030517578,0.37142453
2025-05-22,NVDA,132.8300018310547,0.3892999
2025-05-23,NVDA,131.2899932861328,0.36905432
2025-05-27,NVDA,135.5,0.4499021
2025-05-28,NVDA,134.80999755859375,0.41848037
2025-05-29,NVDA,139.19000244140625,0.6216248
2025-05-30,NVDA,135.1300048828125,0.5317042
2025-06-02,NVDA,137.3800048828125,0.6031329
2025-06-03,NVDA,141.22000122070312,0.57007617
2025-06-04,NVDA,141.9199981689453,0.5748046
2025-06-05,NVDA,139.99000549316406,0.5019821
2025-06-06,NVDA,141.72000122070312,0.5658453
2025-06-09,NVDA,142.6300048828125,0.55851424
2025-06-10,NVDA,143.9600067138672,0.43637574
2025-06-11,NVDA,142.8300018310547,0.34633684
2025-06-12,NVDA,145.0,0.3408848
2025-06-13,NVDA,141.97000122070312,0.24610566
2025-06-16,NVDA,144.69000244140625,0.3432461
2025-06-17,NVDA,144.1199951171875,0.25136295
2025-06-18,NVDA,145.47999572753906,0.30173343
2025-06-20,NVDA,143.85000610351562,0.3309349
2025-06-23,NVDA,144.1699981689453,0.33998844
2025-06-24,NVDA,147.89999389648438,0.53126234
2025-06-25,NVDA,154.30999755859375,0.21702442
2025-06-26,NVDA,155.02000427246094,0.40603426
2025-06-27,NVDA,157.75,0.38639516
2025-06-30,NVDA,157.99000549316406,0.44088268
2025-07-01,NVDA,153.3000030517578,0.17121898
2025-07-02,NVDA,157.25,0.23465462
2025-07-03,NVDA,159.33999633789062,0.2778611
2025-07-07,NVDA,158.24000549316406,0.37886104
2025-07-08,NVDA,160.0,0.32907963
2025-07-09,NVDA,162.8800048828125,0.5380531
2025-07-10,NVDA,164.10000610351562,0.5207053
2025-07-11,NVDA,164.9199981689453,0.47864965
2025-07-14,NVDA,164.07000732421875,0.39780718
2025-07-15,NVDA,170.6999969482422,0.33154854
2025-07-16,NVDA,171.3699951171875,0.3006464
2025-07-17,NVDA,173.0,0.24977674
2025-07-18,NVDA,172.41000366210938,0.24596034
2025-07-21,NVDA,171.3800048828125,0.45899263
2025-07-22,NVDA,167.02999877929688,0.2891163
2025-07-23,NVDA,170.77999877929688,0.3757691
2025-07-24,NVDA,173.74000549316406,0.22578116
2025-07-25,NVDA,173.5,0.25350064
2025-07-28,NVDA,176.75,0.23698148
2025-07-29,NVDA,175.50999450683594,0.3019
2025-07-30,NVDA,179.27000427246094,0.44148448
2025-07-31,NVDA,177.8699951171875,0.31674293
2025-08-01,NVDA,173.72000122070312,0.2903678
2025-08-04,NVDA,180.0,0.38744533
2025-08-05,NVDA,178.25999450683594,0.2343503
2025-08-06,NVDA,179.4199981689453,0.21765354
2025-08-07,NVDA,180.7700042724609,0.2745978
2025-08-08,NVDA,182.6999969482422,0.32399708
2025-08-11,NVDA,182.0599975585937,0.2441718
2025-08-12,NVDA,183.16000366210932,0.2587204
2025-08-13,NVDA,181.58999633789065,0.19130331
2025-08-14,NVDA,182.0200042724609,0.1591183
2025-08-15,NVDA,180.4499969482422,0.21796165
2025-08-18,NVDA,182.009994506836,0.23823714
2025-08-19,NVDA,175.63999938964844,0.31158936
2025-08-20,NVDA,175.39999389648438,0.28028947
2025-08-21,NVDA,174.97999572753906,0.25891724
2025-08-22,NVDA,177.99000549316406,0.20758343
2025-08-25,NVDA,179.80999755859375,0.23122413
2025-08-26,NVDA,181.7700042724609,0.2432841
2025-08-27,NVDA,181.6000061035156,0.22989133
2025-08-28,NVDA,180.1699981689453,0.33286226
2025-08-29,NVDA,174.17999267578125,0.31985572
2025-09-02,NVDA,170.77999877929688,0.3129837
2025-09-03,NVDA,170.6199951171875,0.23116459
2025-09-04,NVDA,171.66000366210938,0.25576884
2025-09-05,NVDA,167.02000427246094,0.1873686
2025-09-08,NVDA,168.30999755859375,0.17533964
2025-09-09,NVDA,170.75999450683594,0.1867443
2025-09-10,NVDA,177.3300018310547,0.25128934
2025-09-11,NVDA,177.1699981689453,0.22117436
2025-09-12,NVDA,177.82000732421875,0.271055
2025-09-15,NVDA,177.75,0.27292085
2025-09-16,NVDA,174.8800048828125,0.3324559
2025-09-17,NVDA,170.2899932861328,0.2959064
2025-09-18,NVDA,176.24000549316406,0.29257023
2025-09-19,NVDA,176.6699981689453,0.3265399
2025-09-22,NVDA,183.6100006103516,0.26408553
2025-09-23,NVDA,178.42999267578125,0.23702359
2025-09-24,NVDA,176.97000122070312,0.28083602
2025-09-25,NVDA,177.69000244140625,0.2616108
2025-09-26,NVDA,178.19000244140625,0.28906122
2025-09-29,NVDA,181.8500061035156,0.30976096
2025-09-30,NVDA,186.5800018310547,0.25794014
2025-10-01,NVDA,187.2400054931641,0.21175082
2025-10-02,NVDA,188.88999938964844,0.21580054
2025-10-03,NVDA,187.6199951171875,0.23219109
2025-10-06,NVDA,185.5399932861328,0.22498886
2025-10-07,NVDA,185.0399932861328,0.25794774
2025-10-08,NVDA,189.1100006103516,0.23441406
2025-10-09,NVDA,192.57000732421875,0.25324354
2025-10-10,NVDA,183.16000366210932,0.29352313
2025-10-13,NVDA,188.32000732421875,0.2855974
2025-10-14,NVDA,180.02999877929688,0.13456716
2025-10-15,NVDA,179.8300018310547,0.28527787
2025-10-16,NVDA,181.8099975585937,0.23816907
2025-10-17,NVDA,183.22000122070312,0.26132625
2025-10-20,NVDA,182.63999938964844,0.2777579
2025-10-21,NVDA,181.16000366210932,0.3278604
2025-10-22,NVDA,180.27999877929688,0.33365354
2025-10-23,NVDA,182.16000366210932,0.29810902
2025-10-24,NVDA,186.259994506836,0.31385097
2025-10-27,NVDA,191.4900054931641,0.26953998
2025-10-28,NVDA,193.27999877929688,0.29833055
2025-05-02,TSLA,287.2099914550781,0.27511525
2025-05-05,TSLA,280.260009765625,0.5534458
2025-05-06,TSLA,275.3500061035156,0.50114757
2025-05-07,TSLA,276.2200012207031,0.34630927
2025-05-08,TSLA,284.82000732421875,0.21036601
2025-05-09,TSLA,298.260009765625,0.41813177
2025-05-12,TSLA,318.3800048828125,0.546117
2025-05-13,TSLA,334.07000732421875,0.65985155
2025-05-14,TSLA,347.67999267578125,0.64565456
2025-05-15,TSLA,342.82000732421875,0.6531032
2025-05-16,TSLA,349.9800109863281,0.6157555
2025-05-19,TSLA,342.0899963378906,0.38777512
2025-05-20,TSLA,343.82000732421875,0.3872668
2025-05-21,TSLA,334.6199951171875,0.47820136
2025-05-22,TSLA,341.0400085449219,0.29357237
2025-05-23,TSLA,339.3399963378906,0.31212816
2025-05-27,TSLA,362.8900146484375,0.37449798
2025-05-28,TSLA,356.8999938964844,0.32805997
2025-05-29,TSLA,358.42999267578125,0.42250982
2025-05-30,TSLA,346.4599914550781,0.33217546
2025-06-02,TSLA,342.69000244140625,0.40797544
2025-06-03,TSLA,344.2699890136719,0.40620098
2025-06-04,TSLA,332.04998779296875,0.44728068
2025-06-05,TSLA,284.70001220703125,0.42791545
2025-06-06,TSLA,295.1400146484375,0.3574204
2025-06-09,TSLA,308.5799865722656,0.3219341
2025-06-10,TSLA,326.0899963378906,0.25831252
2025-06-11,TSLA,326.42999267578125,0.29459214
2025-06-12,TSLA,319.1099853515625,0.33035412
2025-06-13,TSLA,325.3099975585937,0.33866215
2025-06-16,TSLA,329.1300048828125,0.25190714
2025-06-17,TSLA,316.3500061035156,0.25746498
2025-06-18,TSLA,322.04998779296875,0.25834346
2025-06-20,TSLA,322.1600036621094,0.29058206
2025-06-23,TSLA,348.67999267578125,0.23735388
2025-06-24,TSLA,340.4700012207031,0.3261362
2025-06-25,TSLA,327.54998779296875,0.21814829
2025-06-26,TSLA,325.7799987792969,0.22193699
2025-06-27,TSLA,323.6300048828125,0.21323238
2025-06-30,TSLA,317.6600036621094,0.18243185
2025-07-01,TSLA,300.7099914550781,0.14313184
2025-07-02,TSLA,315.6499938964844,0.18723167
2025-07-03,TSLA,315.3500061035156,0.1597503
2025-07-07,TSLA,293.94000244140625,0.12404028
2025-07-08,TSLA,297.8099975585937,0.11366424
2025-07-09,TSLA,295.8800048828125,0.10553369
2025-07-10,TSLA,309.8699951171875,0.107038595
2025-07-11,TSLA,313.510009765625,0.18224165
2025-07-14,TSLA,316.8999938964844,0.2040693
2025-07-15,TSLA,310.7799987792969,0.2461238
2025-07-16,TSLA,321.6700134277344,0.25715435
2025-07-17,TSLA,319.4100036621094,0.25101352
2025-07-18,TSLA,329.6499938964844,0.27036664
2025-07-21,TSLA,328.489990234375,0.25235066
2025-07-22,TSLA,332.1099853515625,0.21728365
2025-07-23,TSLA,332.5599975585937,0.22544505
2025-07-24,TSLA,305.29998779296875,0.09773329
2025-07-25,TSLA,316.0599975585937,0.18182328
2025-07-28,TSLA,325.5899963378906,0.2542521
2025-07-29,TSLA,321.20001220703125,0.1879434
2025-07-30,TSLA,319.0400085449219,0.18929356
2025-07-31,TSLA,308.2699890136719,0.1652222
2025-08-01,TSLA,302.6300048828125,0.21242318
2025-08-04,TSLA,309.260009765625,0.14291386
2025-08-05,TSLA,308.7200012207031,0.14942239
2025-08-06,TSLA,319.9100036621094,0.1471603
2025-08-07,TSLA,322.2699890136719,0.17924038
2025-08-08,TSLA,329.6499938964844,0.18951471
2025-08-11,TSLA,339.0299987792969,0.1635443
2025-08-12,TSLA,340.8399963378906,0.17504747
2025-08-13,TSLA,339.3800048828125,0.21262369
2025-08-14,TSLA,335.5799865722656,0.28169715
2025-08-15,TSLA,330.5599975585937,0.287899
2025-08-18,TSLA,335.1600036621094,0.24117887
2025-08-19,TSLA,329.3099975585937,0.19546278
2025-08-20,TSLA,323.8999938964844,0.17830347
2025-08-21,TSLA,320.1099853515625,0.19032685
2025-08-22,TSLA,340.010009765625,0.21831307
2025-08-25,TSLA,346.6000061035156,0.24776639
2025-08-26,TSLA,351.6700134277344,0.29421398
2025-08-27,TSLA,349.6000061035156,0.3073582
2025-08-28,TSLA,345.9800109863281,0.23634334
2025-08-29,TSLA,333.8699951171875,0.16917378
2025-09-02,TSLA,329.3599853515625,0.17542185
2025-09-03,TSLA,334.0899963378906,0.16117461
2025-09-04,TSLA,338.5299987792969,0.17742597
2025-09-05,TSLA,350.8399963378906,0.13471277
2025-09-08,TSLA,346.3999938964844,0.285531
2025-09-09,TSLA,346.9700012207031,0.32291198
2025-09-10,TSLA,347.7900085449219,0.29547226
2025-09-11,TSLA,368.80999755859375,0.1654088
2025-09-12,TSLA,395.9400024414063,0.58072186
2025-09-15,TSLA,410.0400085449219,0.5691951
2025-09-16,TSLA,421.6199951171875,0.5744833
2025-09-17,TSLA,425.8599853515625,0.43900436
2025-09-18,TSLA,416.8500061035156,0.35245183
2025-09-19,TSLA,426.0700073242188,0.28859773
2025-09-22,TSLA,434.2099914550781,0.2970715
2025-09-23,TSLA,425.8500061035156,0.2554089
2025-09-24,TSLA,442.7900085449219,0.32504022
2025-09-25,TSLA,423.3900146484375,0.14308676
2025-09-26,TSLA,440.3999938964844,0.23481353
2025-09-29,TSLA,443.2099914550781,0.1842529
2025-09-30,TSLA,444.7200012207031,0.20536473
2025-10-01,TSLA,459.4599914550781,0.24355508
2025-10-02,TSLA,436.0,0.2424549
2025-10-03,TSLA,429.8299865722656,0.12180778
2025-10-06,TSLA,453.25,0.20863393
2025-10-07,TSLA,433.0899963378906,0.10437277
2025-10-08,TSLA,438.6900024414063,0.11678135
2025-10-09,TSLA,435.5400085449219,0.0766378
2025-10-10,TSLA,413.489990234375,0.04964842
2025-10-13,TSLA,435.8999938964844,0.028539676
2025-10-14,TSLA,429.239990234375,0.063488275
2025-10-15,TSLA,435.1499938964844,0.06783902
2025-10-16,TSLA,428.75,0.06070507
2025-10-17,TSLA,439.30999755859375,0.10329676
2025-10-20,TSLA,447.4299926757813,0.057171762
2025-10-21,TSLA,442.6000061035156,0.1231354
2025-10-22,TSLA,438.9700012207031,0.080253646
2025-10-23,TSLA,448.9800109863281,0.09387754
2025-10-24,TSLA,433.7200012207031,0.06594517
2025-10-27,TSLA,452.4200134277344,0.079070345
2025-10-28,TSLA,465.5,0.11734436
